Date,Description,Amount,Type,Ref No
01-02-2026,NEFT-ACME TECHNOLOGIES PVT LTD-SALARY FEB,75000.00,Credit,662585919944
01-02-2026,MYNTRA ONLINE,2041.00,Debit,201884457272
02-02-2026,UPI/434966/STARBUCKS,261.00,Debit,210602891984
03-02-2026,UPI-CULT FIT-MEMBERSHIP,1500.00,Debit,839105576544
03-02-2026,UBER ONLINE,153.00,Debit,426814255495
03-02-2026,UPI/411455/UBER,431.00,Debit,615999445850
04-02-2026,SWIGGY ONLINE,317.00,Debit,350583050890
04-02-2026,UPI/448868/SWIGGY,328.00,Debit,235179756163
04-02-2026,UPI-RAHUL SHARMA-118967@okaxis,604.00,Debit,944507158178
05-02-2026,UPI-RAVI KUMAR-RENT-9876543@ybl,18000.00,Debit,907492420872
05-02-2026,UPI-NETFLIX-NETFLIX.COM,649.00,Debit,798117121220
05-02-2026,PAYTM*RAPIDO,80.00,Debit,825435232535
06-02-2026,OLA PVT LTD,236.00,Debit,906886471344
07-02-2026,UPI-RAHUL SHARMA-323712@okaxis,444.00,Debit,610350236546
07-02-2026,UPI-RAHUL SHARMA-135087@okaxis,968.00,Debit,249410037742
08-02-2026,UPI-ACT FIBERNET-BROADBAND,999.00,Debit,370149656420
09-02-2026,UPI-INDIAN OIL-MUMBAI,942.00,Debit,145633649745
11-02-2026,ZOMATO PVT LTD,639.00,Debit,630992523709
11-02-2026,BLINKIT PVT LTD,984.00,Debit,438659052516
11-02-2026,PAYTM*RAPIDO,51.00,Debit,486997175711
11-02-2026,UPI-AMAZON-MUMBAI,1791.00,Debit,665290769378
12-02-2026,UPI-SPOTIFY INDIA-SPOTIFY,119.00,Debit,302686470991
12-02-2026,ZOMATO PVT LTD,486.00,Debit,370378073331
12-02-2026,STARBUCKS PVT LTD,400.00,Debit,571366097119
12-02-2026,AMAZON ONLINE,498.00,Debit,470365141148
13-02-2026,UPI/563399/SWIGGY,406.00,Debit,925450995873
13-02-2026,ZOMATO ONLINE,488.00,Debit,235709217251
13-02-2026,STARBUCKS PVT LTD,457.00,Debit,715315936005
14-02-2026,UPI-SWIGGY-MUMBAI,487.00,Debit,139547807165
14-02-2026,BLINKIT PVT LTD,458.00,Debit,860566888787
14-02-2026,BLINKIT PVT LTD,984.00,Debit,230913958384
14-02-2026,UPI-INDIAN OIL-MUMBAI,1388.00,Debit,201165167343
15-02-2026,BESCOM ELECTRICITY BILL,1599.00,Debit,104738774109
15-02-2026,SWIGGY PVT LTD,492.00,Debit,990064132913
15-02-2026,UPI-SWIGGY-MUMBAI,430.00,Debit,862435221729
16-02-2026,PAYTM*ZOMATO,351.00,Debit,187033684538
16-02-2026,UPI/935115/BLINKIT,963.00,Debit,262497248604
16-02-2026,PAYTM*BIGBASKET,1048.00,Debit,776192427869
20-02-2026,SWIGGY ONLINE,200.00,Debit,587029439238
20-02-2026,RAPIDO ONLINE,141.00,Debit,974404637615
20-02-2026,UPI-SELF TRANSFER-OWN ACCOUNT,5000.00,Debit,584556741889
20-02-2026,UPI-SELF TRANSFER-OWN ACCOUNT,5000.00,Credit,830428662472
21-02-2026,UPI-SWIGGY-MUMBAI,428.00,Debit,598147616867
21-02-2026,UPI-SWIGGY-MUMBAI,607.00,Debit,239014972955
21-02-2026,PAYTM*SWIGGY,349.00,Debit,638365660486
21-02-2026,UBER PVT LTD,235.00,Debit,833730650195
21-02-2026,AMAZON ONLINE,2203.00,Debit,693347505948
22-02-2026,OLA ONLINE,208.00,Debit,890369073476
23-02-2026,ABC STORE PVT LTD,232.00,Debit,118194016020
24-02-2026,SWIGGY ONLINE,423.00,Debit,322763429824
25-02-2026,UPI-UBER-MUMBAI,363.00,Debit,918261382591
25-02-2026,ATM CASH WITHDRAWAL,2000.00,Debit,692223473450
26-02-2026,ABC STORE PVT LTD,1122.00,Debit,570973737677
28-02-2026,UPI/273161/SWIGGY,531.00,Debit,280546051588
28-02-2026,PAYTM*BIGBASKET,565.00,Debit,888596927298
28-02-2026,UPI/940077/UBER,82.00,Debit,777679753237
28-02-2026,UPI/665615/UBER,373.00,Debit,561703224539
28-02-2026,UPI-OLA-MUMBAI,366.00,Debit,500030388682
01-03-2026,NEFT-ACME TECHNOLOGIES PVT LTD-SALARY MAR,75000.00,Credit,649675707052
02-03-2026,UPI-BLINKIT-MUMBAI,1198.00,Debit,906928057683
03-03-2026,UPI-CULT FIT-MEMBERSHIP,1500.00,Debit,145638681369
03-03-2026,PAYTM*UBER,358.00,Debit,271501523342
04-03-2026,UPI/997094/BIGBASKET,2097.00,Debit,858722560157
04-03-2026,INDIAN OIL PVT LTD,986.00,Debit,574243480045
05-03-2026,UPI-RAVI KUMAR-RENT-9876543@ybl,18000.00,Debit,272127412076
05-03-2026,UPI-NETFLIX-NETFLIX.COM,649.00,Debit,616955273432
05-03-2026,PAYTM*SWIGGY,485.00,Debit,186621109865
05-03-2026,UPI-SWIGGY-MUMBAI,268.00,Debit,322668632455
05-03-2026,ZOMATO ONLINE,303.00,Debit,849514879001
05-03-2026,UPI-UBER-MUMBAI,421.00,Debit,211043272849
05-03-2026,UPI-AMAZON-MUMBAI,965.00,Debit,555828414569
06-03-2026,UPI/950324/SWIGGY,359.00,Debit,327497095345
06-03-2026,INDIAN OIL ONLINE,1240.00,Debit,582587271587
08-03-2026,UPI-ACT FIBERNET-BROADBAND,999.00,Debit,821497964582
08-03-2026,RAPIDO PVT LTD,178.00,Debit,535818491770
08-03-2026,PAYTM*MYNTRA,869.00,Debit,383815732990
09-03-2026,PAYTM*BIGBASKET,1859.00,Debit,680069460721
09-03-2026,AMAZON PVT LTD,3095.00,Debit,261434137319
11-03-2026,UPI/382349/SWIGGY,625.00,Debit,817414221561
11-03-2026,UPI/124032/SWIGGY,508.00,Debit,293208645469
11-03-2026,ZOMATO ONLINE,189.00,Debit,786862856261
12-03-2026,UPI-SPOTIFY INDIA-SPOTIFY,119.00,Debit,135717776613
12-03-2026,UPI-SWIGGY-MUMBAI,195.00,Debit,777458922730
12-03-2026,UPI/843190/BLINKIT,1109.00,Debit,433659515343
12-03-2026,PAYTM*UBER,283.00,Debit,749476196667
12-03-2026,UBER ONLINE,447.00,Debit,233189333885
13-03-2026,UPI-AMAZON-MUMBAI,3435.00,Debit,947432172570
15-03-2026,BESCOM ELECTRICITY BILL,1668.00,Debit,868608164207
15-03-2026,SWIGGY PVT LTD,607.00,Debit,439168403267
15-03-2026,PAYTM*OLA,97.00,Debit,995825493486
16-03-2026,UPI-ABC STORE-MUMBAI,448.00,Debit,518557108687
17-03-2026,UBER ONLINE,420.00,Debit,448689067579
18-03-2026,PAYTM*SWIGGY,603.00,Debit,823161429217
18-03-2026,SWIGGY PVT LTD,206.00,Debit,442526287150
18-03-2026,ZOMATO PVT LTD,215.00,Debit,173136080004
18-03-2026,PAYTM*OLA,311.00,Debit,160843172746
19-03-2026,ABC STORE PVT LTD,1070.00,Debit,784962795276
20-03-2026,BLINKIT PVT LTD,416.00,Debit,754592299064
20-03-2026,UPI-RAHUL SHARMA-249253@okaxis,1395.00,Debit,636978553620
20-03-2026,UPI-SELF TRANSFER-OWN ACCOUNT,5000.00,Debit,396490701584
20-03-2026,UPI-SELF TRANSFER-OWN ACCOUNT,5000.00,Credit,942978840987
21-03-2026,UPI-SWIGGY-MUMBAI,627.00,Debit,903652982371
22-03-2026,PAYTM*SWIGGY,212.00,Debit,663950637395
23-03-2026,UPI/455517/STARBUCKS,474.00,Debit,266001078201
23-03-2026,PAYTM*UBER,123.00,Debit,259126803223
23-03-2026,UPI-RAPIDO-MUMBAI,79.00,Debit,454699229252
24-03-2026,UPI/477793/STARBUCKS,262.00,Debit,859888104770
24-03-2026,UPI-RAHUL SHARMA-736948@okaxis,1305.00,Debit,713329021663
25-03-2026,UPI-SWIGGY-MUMBAI,635.00,Debit,277554312848
25-03-2026,BLINKIT ONLINE,1209.00,Debit,271754383140
25-03-2026,STARBUCKS PVT LTD,502.00,Debit,500319121984
25-03-2026,ATM CASH WITHDRAWAL,2000.00,Debit,239617244744
27-03-2026,UPI-RAHUL SHARMA-371480@okaxis,418.00,Debit,780872481240
28-03-2026,RAPIDO ONLINE,45.00,Debit,553002803187
29-03-2026,PAYTM*ZOMATO,367.00,Debit,895530218249
29-03-2026,UPI-OLA-MUMBAI,174.00,Debit,381007606757
01-04-2026,NEFT-ACME TECHNOLOGIES PVT LTD-SALARY APR,75000.00,Credit,563019703925
01-04-2026,SWIGGY ONLINE,334.00,Debit,702691349226
02-04-2026,UPI-ZOMATO-MUMBAI,340.00,Debit,860256190607
03-04-2026,UPI-CULT FIT-MEMBERSHIP,1500.00,Debit,732557769030
03-04-2026,ZOMATO ONLINE,506.00,Debit,130950730225
03-04-2026,UPI/478218/STARBUCKS,540.00,Debit,844821323086
03-04-2026,UBER PVT LTD,193.00,Debit,330681144844
04-04-2026,UPI/363377/BLINKIT,652.00,Debit,487670432176
04-04-2026,UPI/879901/BIGBASKET,1032.00,Debit,545074261558
05-04-2026,UPI-RAVI KUMAR-RENT-9876543@ybl,18000.00,Debit,182398665894
05-04-2026,UPI-NETFLIX-NETFLIX.COM,649.00,Debit,968884938176
05-04-2026,PAYTM*STARBUCKS,410.00,Debit,436020706161
05-04-2026,UPI/342676/INDIAN OIL,1355.00,Debit,265660499329
07-04-2026,RAPIDO ONLINE,62.00,Debit,256349271261
08-04-2026,UPI-ACT FIBERNET-BROADBAND,999.00,Debit,823299938020
08-04-2026,PAYTM*BLINKIT,1367.00,Debit,439424871134
08-04-2026,UPI-RAHUL SHARMA-478946@okaxis,1307.00,Debit,779973486265
09-04-2026,SWIGGY PVT LTD,400.00,Debit,775258194015
09-04-2026,PAYTM*UBER,313.00,Debit,282851057417
09-04-2026,UPI-ABC STORE-MUMBAI,1072.00,Debit,923585272001
10-04-2026,UPI/696977/AMAZON,2221.00,Debit,794985317769
11-04-2026,UPI-BIGBASKET-MUMBAI,1340.00,Debit,716987032406
11-04-2026,UBER ONLINE,316.00,Debit,332321392069
11-04-2026,UPI-RAHUL SHARMA-957180@okaxis,990.00,Debit,402153435277
12-04-2026,UPI-SPOTIFY INDIA-SPOTIFY,119.00,Debit,617838455630
12-04-2026,UPI/480630/UBER,366.00,Debit,738610243016
12-04-2026,PAYTM*OLA,277.00,Debit,658816102550
13-04-2026,UPI-SWIGGY-MUMBAI,573.00,Debit,158783456035
13-04-2026,PAYTM*SWIGGY,368.00,Debit,769863029767
13-04-2026,UPI/526913/INDIAN OIL,811.00,Debit,512355898488
14-04-2026,AMAZON ONLINE,1636.00,Debit,835160875838
15-04-2026,BESCOM ELECTRICITY BILL,1126.00,Debit,821616964001
15-04-2026,PAYTM*SWIGGY,438.00,Debit,757763969790
15-04-2026,PAYTM*UBER,333.00,Debit,321547293668
16-04-2026,UPI-RAHUL SHARMA-561589@okaxis,224.00,Debit,751713674342
18-04-2026,BLINKIT PVT LTD,837.00,Debit,434464807443
19-04-2026,UPI/507537/SWIGGY,497.00,Debit,595672256141
20-04-2026,PAYTM*STARBUCKS,361.00,Debit,735875894191
20-04-2026,UPI-SELF TRANSFER-OWN ACCOUNT,5000.00,Debit,403016138538
20-04-2026,UPI-SELF TRANSFER-OWN ACCOUNT,5000.00,Credit,169748172763
21-04-2026,UPI/931429/AMAZON,3159.00,Debit,701489766553
22-04-2026,UPI-ZOMATO-MUMBAI,440.00,Debit,602043243601
23-04-2026,SWIGGY ONLINE,677.00,Debit,521802820448
23-04-2026,UPI/633905/SWIGGY,272.00,Debit,275994261403
25-04-2026,SWIGGY ONLINE,388.00,Debit,473579590232
25-04-2026,SWIGGY ONLINE,523.00,Debit,677645530036
25-04-2026,BLINKIT ONLINE,1000.00,Debit,478566379458
25-04-2026,UBER ONLINE,351.00,Debit,835686942128
25-04-2026,UPI/223238/OLA,176.00,Debit,791429638051
25-04-2026,OLA ONLINE,183.00,Debit,331307561554
25-04-2026,ATM CASH WITHDRAWAL,2000.00,Debit,219000722345
28-04-2026,SWIGGY ONLINE,594.00,Debit,519234556783
28-04-2026,UPI-ZOMATO-MUMBAI,528.00,Debit,553290218625
28-04-2026,PAYTM*RAPIDO,63.00,Debit,497198975539
29-04-2026,UPI/606512/SWIGGY,457.00,Debit,938902502537
29-04-2026,UPI-RAPIDO-MUMBAI,44.00,Debit,265365206453
29-04-2026,UPI-MYNTRA-MUMBAI,2307.00,Debit,202921426372
29-04-2026,ABC STORE PVT LTD,899.00,Debit,710564980146
01-05-2026,NEFT-ACME TECHNOLOGIES PVT LTD-SALARY MAY,75000.00,Credit,265845006401
02-05-2026,UPI/788223/SWIGGY,484.00,Debit,381517215892
03-05-2026,UPI-CULT FIT-MEMBERSHIP,1500.00,Debit,868143623517
03-05-2026,PAYTM*OLA,122.00,Debit,418250684624
04-05-2026,ABC STORE PVT LTD,235.00,Debit,926386516972
05-05-2026,UPI-RAVI KUMAR-RENT-9876543@ybl,18000.00,Debit,373526226110
05-05-2026,UPI-NETFLIX-NETFLIX.COM,649.00,Debit,502764151798
05-05-2026,UPI-SWIGGY-MUMBAI,298.00,Debit,732165290239
05-05-2026,UPI-SWIGGY-MUMBAI,616.00,Debit,175958660723
05-05-2026,PAYTM*BIGBASKET,1050.00,Debit,614010571258
06-05-2026,PAYTM*UBER,254.00,Debit,929431384557
06-05-2026,PAYTM*RAPIDO,86.00,Debit,147152581315
06-05-2026,RAPIDO PVT LTD,114.00,Debit,420858936408
07-05-2026,UPI/556053/ZOMATO,188.00,Debit,212386944134
07-05-2026,PAYTM*STARBUCKS,297.00,Debit,590451275474
07-05-2026,PAYTM*INDIAN OIL,824.00,Debit,397999145401
08-05-2026,UPI-ACT FIBERNET-BROADBAND,999.00,Debit,350576108091
09-05-2026,PAYTM*SWIGGY,215.00,Debit,564437014102
09-05-2026,PAYTM*SWIGGY,624.00,Debit,363645912248
09-05-2026,UPI-SWIGGY-MUMBAI,192.00,Debit,297555021673
09-05-2026,ZOMATO ONLINE,182.00,Debit,519210246674
09-05-2026,PAYTM*ZOMATO,611.00,Debit,345686229751
09-05-2026,BLINKIT ONLINE,350.00,Debit,452980750653
09-05-2026,UPI-RAHUL SHARMA-650450@okaxis,287.00,Debit,611732552885
10-05-2026,PAYTM*RAPIDO,146.00,Debit,557082611420
11-05-2026,UBER PVT LTD,260.00,Debit,571631225286
12-05-2026,UPI-SPOTIFY INDIA-SPOTIFY,119.00,Debit,935196920461
13-05-2026,UPI/819542/SWIGGY,527.00,Debit,291173680758
13-05-2026,UPI/327805/AMAZON,746.00,Debit,494092937180
13-05-2026,UPI-RAHUL SHARMA-997504@okaxis,404.00,Debit,831569876877
15-05-2026,BESCOM ELECTRICITY BILL,1619.00,Debit,712415962095
15-05-2026,UPI-ABC STORE-MUMBAI,308.00,Debit,183393311229
17-05-2026,UPI-BLINKIT-MUMBAI,863.00,Debit,507835289342
17-05-2026,UBER PVT LTD,117.00,Debit,324567515879
18-05-2026,ZOMATO PVT LTD,552.00,Debit,159922670296
18-05-2026,STARBUCKS ONLINE,531.00,Debit,595423612411
19-05-2026,PAYTM*BLINKIT,1212.00,Debit,165897097131
19-05-2026,INDIAN OIL PVT LTD,1083.00,Debit,779476942421
19-05-2026,MYNTRA PVT LTD,2454.00,Debit,726192053611
20-05-2026,SWIGGY ONLINE,557.00,Debit,440435452329
20-05-2026,UBER PVT LTD,180.00,Debit,435052369603
20-05-2026,UPI-SELF TRANSFER-OWN ACCOUNT,5000.00,Debit,469983688214
20-05-2026,UPI-SELF TRANSFER-OWN ACCOUNT,5000.00,Credit,804976768954
22-05-2026,UPI/102949/SWIGGY,583.00,Debit,320928266097
23-05-2026,UPI-SWIGGY-MUMBAI,263.00,Debit,757726492200
23-05-2026,UBER ONLINE,287.00,Debit,196322531493
23-05-2026,UPI-AMAZON-MUMBAI,767.00,Debit,741126407793
24-05-2026,PAYTM*SWIGGY,363.00,Debit,123807007286
24-05-2026,PAYTM*STARBUCKS,422.00,Debit,249341979218
24-05-2026,PAYTM*OLA,115.00,Debit,827388260955
24-05-2026,AMAZON PVT LTD,3238.00,Debit,379476674355
25-05-2026,UPI-RAHUL SHARMA-607586@okaxis,1158.00,Debit,710757187465
25-05-2026,ATM CASH WITHDRAWAL,2000.00,Debit,902601256415
26-05-2026,UBER ONLINE,417.00,Debit,139846378852
28-05-2026,BLINKIT PVT LTD,1340.00,Debit,105150186436
30-05-2026,PAYTM*SWIGGY,623.00,Debit,503264892654
31-05-2026,UPI/173702/BIGBASKET,1465.00,Debit,958218054452
31-05-2026,UPI-OLA-MUMBAI,84.00,Debit,884143138615
01-06-2026,NEFT-ACME TECHNOLOGIES PVT LTD-SALARY JUN,75000.00,Credit,992798369183
03-06-2026,UPI-CULT FIT-MEMBERSHIP,1500.00,Debit,465302039750
04-06-2026,UPI/141296/UBER,446.00,Debit,621247266125
05-06-2026,UPI-RAVI KUMAR-RENT-9876543@ybl,18000.00,Debit,339437660467
05-06-2026,UPI-NETFLIX-NETFLIX.COM,649.00,Debit,507644443934
06-06-2026,SWIGGY PVT LTD,483.00,Debit,991570737199
06-06-2026,UPI/816337/BIGBASKET,1650.00,Debit,592419520324
07-06-2026,UPI-SWIGGY-MUMBAI,227.00,Debit,154933432707
07-06-2026,UPI/901644/STARBUCKS,273.00,Debit,216172945808
07-06-2026,UBER ONLINE,401.00,Debit,906983371798
07-06-2026,MYNTRA PVT LTD,2172.00,Debit,587661012174
08-06-2026,UPI-ACT FIBERNET-BROADBAND,999.00,Debit,951164541963
08-06-2026,UPI/912527/BLINKIT,703.00,Debit,399697232076
08-06-2026,UPI-RAHUL SHARMA-659717@okaxis,878.00,Debit,280382667702
09-06-2026,ZOMATO ONLINE,314.00,Debit,103855614047
10-06-2026,UPI-SWIGGY-MUMBAI,169.00,Debit,463887082521
10-06-2026,PAYTM*OLA,267.00,Debit,756847115109
10-06-2026,UPI/327388/INDIAN OIL,813.00,Debit,586061426133
11-06-2026,PAYTM*UBER,244.00,Debit,279599471724
12-06-2026,UPI-SPOTIFY INDIA-SPOTIFY,119.00,Debit,948501346207
12-06-2026,UPI/595051/ZOMATO,188.00,Debit,282233090412
12-06-2026,STARBUCKS ONLINE,525.00,Debit,507163708269
12-06-2026,PAYTM*RAPIDO,109.00,Debit,694240395248
12-06-2026,UPI-RAHUL SHARMA-900317@okaxis,1249.00,Debit,260157980077
13-06-2026,RAPIDO ONLINE,115.00,Debit,977619884870
13-06-2026,ABC STORE ONLINE,903.00,Debit,966028005223
15-06-2026,BESCOM ELECTRICITY BILL,1198.00,Debit,946188509035
15-06-2026,SWIGGY PVT LTD,437.00,Debit,641174208720
15-06-2026,UPI-ABC STORE-MUMBAI,273.00,Debit,332540827705
16-06-2026,UPI-SWIGGY-MUMBAI,303.00,Debit,373532492036
16-06-2026,SWIGGY ONLINE,328.00,Debit,672671412951
17-06-2026,SWIGGY PVT LTD,289.00,Debit,280270491679
18-06-2026,UPI-BLINKIT-MUMBAI,1377.00,Debit,672332725364
18-06-2026,UPI-AMAZON-MUMBAI,1369.00,Debit,642341504131
20-06-2026,UPI/131771/UBER,395.00,Debit,979927716773
20-06-2026,UPI-SELF TRANSFER-OWN ACCOUNT,5000.00,Debit,567521533543
20-06-2026,UPI-SELF TRANSFER-OWN ACCOUNT,5000.00,Credit,361557905785
21-06-2026,BIGBASKET ONLINE,943.00,Debit,625277364279
22-06-2026,STARBUCKS PVT LTD,474.00,Debit,566936720941
22-06-2026,UPI/560129/OLA,231.00,Debit,491849057632
22-06-2026,UPI-INDIAN OIL-MUMBAI,1007.00,Debit,691126312378
22-06-2026,PAYTM*AMAZON,1227.00,Debit,822795112366
23-06-2026,UPI-SWIGGY-MUMBAI,409.00,Debit,503378610562
23-06-2026,PAYTM*SWIGGY,539.00,Debit,172026348199
24-06-2026,UPI/195778/SWIGGY,533.00,Debit,780800798801
25-06-2026,SWIGGY ONLINE,520.00,Debit,822101906928
25-06-2026,ATM CASH WITHDRAWAL,2000.00,Debit,213292637933
26-06-2026,UPI-ZOMATO-MUMBAI,165.00,Debit,934228404471
26-06-2026,UPI-UBER-MUMBAI,229.00,Debit,380209383977
27-06-2026,PAYTM*RAPIDO,171.00,Debit,112618883855
27-06-2026,UPI-RAHUL SHARMA-973140@okaxis,464.00,Debit,882144781450
28-06-2026,PAYTM*SWIGGY,342.00,Debit,648594607429
28-06-2026,UPI/386245/BLINKIT,334.00,Debit,297271904036
28-06-2026,OLA PVT LTD,117.00,Debit,236548631890
28-06-2026,UPI/915986/AMAZON,3372.00,Debit,543694291513
30-06-2026,PAYTM*ZOMATO,504.00,Debit,108500807150
30-06-2026,UPI/213547/BLINKIT,1060.00,Debit,190398559832
30-06-2026,UPI-UBER-MUMBAI,427.00,Debit,553597803366
01-07-2026,NEFT-ACME TECHNOLOGIES PVT LTD-SALARY JUL,75000.00,Credit,215372062127
01-07-2026,SWIGGY ONLINE,198.00,Debit,524765225962
01-07-2026,PAYTM*BIGBASKET,1000.00,Debit,800344851644
02-07-2026,UPI/187534/UBER,403.00,Debit,623847550325
02-07-2026,UPI-RAPIDO-MUMBAI,94.00,Debit,467285946500
03-07-2026,UPI-CULT FIT-MEMBERSHIP,1500.00,Debit,269763874372
03-07-2026,BLINKIT ONLINE,666.00,Debit,641990813751
03-07-2026,PAYTM*OLA,195.00,Debit,624182448897
03-07-2026,UPI/897107/AMAZON,1836.00,Debit,212386400374
03-07-2026,UPI-RAHUL SHARMA-175483@okaxis,1125.00,Debit,363827675099
04-07-2026,UPI/558063/INDIAN OIL,861.00,Debit,807683952189
04-07-2026,PAYTM*AMAZON,1605.00,Debit,676216944738
05-07-2026,UPI-RAVI KUMAR-RENT-9876543@ybl,18000.00,Debit,821053866809
05-07-2026,UPI-NETFLIX-NETFLIX.COM,649.00,Debit,930163042017
06-07-2026,PAYTM*SWIGGY,210.00,Debit,829860469845
06-07-2026,UPI/942882/BLINKIT,695.00,Debit,612720950092
06-07-2026,UPI-OLA-MUMBAI,277.00,Debit,360870230941
06-07-2026,UPI-RAHUL SHARMA-910152@okaxis,1362.00,Debit,942747988924
08-07-2026,UPI-ACT FIBERNET-BROADBAND,999.00,Debit,111934936589
09-07-2026,UPI-STARBUCKS-MUMBAI,302.00,Debit,562090641093
10-07-2026,BLINKIT PVT LTD,1493.00,Debit,644442485965
10-07-2026,PAYTM*UBER,444.00,Debit,513817686664
12-07-2026,UPI-SPOTIFY INDIA-SPOTIFY,119.00,Debit,227681910655
14-07-2026,ZOMATO PVT LTD,408.00,Debit,885878567012
15-07-2026,BESCOM ELECTRICITY BILL,1111.00,Debit,220995092128
15-07-2026,ZOMATO PVT LTD,355.00,Debit,941881718546
16-07-2026,PAYTM*SWIGGY,696.00,Debit,747940732274
16-07-2026,OLA ONLINE,344.00,Debit,638326951638
16-07-2026,MYNTRA ONLINE,1074.00,Debit,529602156178
16-07-2026,UPI-ABC STORE-MUMBAI,475.00,Debit,600340129607
19-07-2026,SWIGGY PVT LTD,370.00,Debit,517072636342
19-07-2026,PAYTM*SWIGGY,226.00,Debit,587720179291
19-07-2026,PAYTM*UBER,383.00,Debit,594917865623
19-07-2026,UPI-RAPIDO-MUMBAI,153.00,Debit,523796894908
19-07-2026,UPI-AMAZON-MUMBAI,3106.00,Debit,372671733204
20-07-2026,SWIGGY PVT LTD,460.00,Debit,789803239421
20-07-2026,ZOMATO ONLINE,292.00,Debit,927434469774
20-07-2026,RAPIDO ONLINE,194.00,Debit,354249503038
20-07-2026,UPI-SELF TRANSFER-OWN ACCOUNT,5000.00,Debit,330515655694
20-07-2026,UPI-SELF TRANSFER-OWN ACCOUNT,5000.00,Credit,100591082520
21-07-2026,SWIGGY ONLINE,545.00,Debit,378431851270
21-07-2026,UPI-SWIGGY-MUMBAI,677.00,Debit,113595433862
22-07-2026,AMAZON REFUND,899.00,Credit,241414182770
23-07-2026,ZOMATO ONLINE,540.00,Debit,258114111187
23-07-2026,UBER ONLINE,425.00,Debit,111446552426
24-07-2026,UPI/594383/STARBUCKS,510.00,Debit,871155423577
24-07-2026,PAYTM*UBER,402.00,Debit,151566292976
25-07-2026,UPI/485463/SWIGGY,625.00,Debit,451040859479
25-07-2026,UPI-RAHUL SHARMA-388079@okaxis,1405.00,Debit,176318891975
25-07-2026,ATM CASH WITHDRAWAL,2000.00,Debit,448844875823
26-07-2026,PAYTM*BIGBASKET,2133.00,Debit,206954695764
26-07-2026,UPI/847359/INDIAN OIL,1008.00,Debit,862656633138
27-07-2026,STARBUCKS PVT LTD,279.00,Debit,207093749621
28-07-2026,SWIGGY PVT LTD,386.00,Debit,285051390091
28-07-2026,SWIGGY ONLINE,225.00,Debit,991659190787
28-07-2026,UPI/277282/UBER,178.00,Debit,392304591578
29-07-2026,SWIGGY ONLINE,428.00,Debit,889493742603
29-07-2026,ABC STORE ONLINE,291.00,Debit,559690881304
30-07-2026,PAYTM*BLINKIT,359.00,Debit,594004434278
01-08-2026,NEFT-ACME TECHNOLOGIES PVT LTD-SALARY AUG,75000.00,Credit,966306737414
01-08-2026,PAYTM*SWIGGY,306.00,Debit,999487832895
01-08-2026,PAYTM*SWIGGY,553.00,Debit,138395444453
02-08-2026,SWIGGY PVT LTD,155.00,Debit,901068926761
02-08-2026,PAYTM*OLA,196.00,Debit,166393688330
03-08-2026,UPI-CULT FIT-MEMBERSHIP,1500.00,Debit,876695885988
03-08-2026,UPI-RAHUL SHARMA-855786@okaxis,1042.00,Debit,268346738369
04-08-2026,SWIGGY ONLINE,489.00,Debit,141765143588
05-08-2026,UPI-RAVI KUMAR-RENT-9876543@ybl,18000.00,Debit,787367732894
05-08-2026,UPI-NETFLIX-NETFLIX.COM,649.00,Debit,153693892012
07-08-2026,UPI-AMAZON-MUMBAI,2295.00,Debit,933761181015
08-08-2026,UPI-ACT FIBERNET-BROADBAND,999.00,Debit,925357179514
08-08-2026,BIGBASKET ONLINE,1980.00,Debit,393614862792
08-08-2026,UBER PVT LTD,101.00,Debit,794656348543
08-08-2026,UPI-RAPIDO-MUMBAI,59.00,Debit,386872829842
08-08-2026,AMAZON PVT LTD,2670.00,Debit,680258980684
09-08-2026,STARBUCKS ONLINE,466.00,Debit,502285839803
09-08-2026,UPI-INDIAN OIL-MUMBAI,1322.00,Debit,220597240534
10-08-2026,UBER ONLINE,331.00,Debit,410848593129
10-08-2026,RAPIDO ONLINE,183.00,Debit,210211134693
11-08-2026,STARBUCKS ONLINE,480.00,Debit,175492346130
12-08-2026,UPI-SPOTIFY INDIA-SPOTIFY,119.00,Debit,732315016947
12-08-2026,UPI-UBER-MUMBAI,281.00,Debit,660485223436
12-08-2026,UPI-UBER-MUMBAI,220.00,Debit,389870519691
12-08-2026,PAYTM*UBER,337.00,Debit,674095103868
13-08-2026,PAYTM*SWIGGY,666.00,Debit,762726947361
13-08-2026,PAYTM*ABC STORE,445.00,Debit,693681517624
14-08-2026,UPI/797211/ZOMATO,238.00,Debit,513958300294
14-08-2026,PAYTM*ZOMATO,645.00,Debit,718661898337
14-08-2026,BLINKIT PVT LTD,1043.00,Debit,912061748642
14-08-2026,ABC STORE ONLINE,398.00,Debit,462609191072
15-08-2026,BESCOM ELECTRICITY BILL,1674.00,Debit,744389790531
15-08-2026,UPI-UBER-MUMBAI,252.00,Debit,770841936721
17-08-2026,UPI-SWIGGY-MUMBAI,218.00,Debit,579901337131
17-08-2026,UPI-STARBUCKS-MUMBAI,527.00,Debit,828051664000
19-08-2026,UPI-RAHUL SHARMA-270267@okaxis,317.00,Debit,516504192682
20-08-2026,UPI/445778/SWIGGY,698.00,Debit,603806972615
20-08-2026,UPI/945282/SWIGGY,244.00,Debit,469019712804
20-08-2026,OLA ONLINE,249.00,Debit,115784367258
20-08-2026,UPI-SELF TRANSFER-OWN ACCOUNT,5000.00,Debit,840705834288
20-08-2026,UPI-SELF TRANSFER-OWN ACCOUNT,5000.00,Credit,755284935153
21-08-2026,UPI-ZOMATO-MUMBAI,383.00,Debit,471807990418
21-08-2026,UPI-RAHUL SHARMA-311069@okaxis,1241.00,Debit,835521429716
24-08-2026,UPI-ZOMATO-MUMBAI,291.00,Debit,317890308024
24-08-2026,INDIAN OIL ONLINE,1206.00,Debit,489441924805
25-08-2026,SWIGGY PVT LTD,330.00,Debit,213907029381
25-08-2026,BLINKIT PVT LTD,1458.00,Debit,699160164344
25-08-2026,BIGBASKET ONLINE,1365.00,Debit,713341416104
25-08-2026,ATM CASH WITHDRAWAL,2000.00,Debit,772179927364
27-08-2026,UPI-SWIGGY-MUMBAI,539.00,Debit,975259287440
28-08-2026,UPI-BLINKIT-MUMBAI,832.00,Debit,685238705142
29-08-2026,SWIGGY PVT LTD,204.00,Debit,754717750528
29-08-2026,UPI/496202/BLINKIT,652.00,Debit,853247367517
29-08-2026,OLA ONLINE,186.00,Debit,194561008294
29-08-2026,UPI-AMAZON-MUMBAI,3476.00,Debit,650408417402
30-08-2026,UPI/549853/SWIGGY,178.00,Debit,553889436752
30-08-2026,UPI-RAPIDO-MUMBAI,198.00,Debit,426553628509
31-08-2026,UPI-MYNTRA-MUMBAI,838.00,Debit,727054280499
01-09-2026,NEFT-ACME TECHNOLOGIES PVT LTD-SALARY SEP,75000.00,Credit,727690354063
01-09-2026,UPI-OLA-MUMBAI,339.00,Debit,540221008291
02-09-2026,SWIGGY PVT LTD,500.00,Debit,110508342233
03-09-2026,UPI-CULT FIT-MEMBERSHIP,1500.00,Debit,239921156259
03-09-2026,SWIGGY ONLINE,419.00,Debit,555157741127
03-09-2026,UBER ONLINE,199.00,Debit,426297853864
04-09-2026,UPI/331011/SWIGGY,743.00,Debit,539745195491
04-09-2026,PAYTM*ZOMATO,499.00,Debit,384088713027
05-09-2026,UPI-RAVI KUMAR-RENT-9876543@ybl,18000.00,Debit,847020878464
05-09-2026,UPI-NETFLIX-NETFLIX.COM,649.00,Debit,368059094824
05-09-2026,INDIAN OIL ONLINE,1311.00,Debit,709504440832
06-09-2026,UPI-SWIGGY-MUMBAI,864.00,Debit,224724095583
06-09-2026,SWIGGY PVT LTD,558.00,Debit,991567707683
06-09-2026,BLINKIT PVT LTD,340.00,Debit,367834943800
06-09-2026,STARBUCKS PVT LTD,274.00,Debit,429414707563
07-09-2026,UBER ONLINE,118.00,Debit,827022711109
07-09-2026,OLA PVT LTD,170.00,Debit,691188049942
07-09-2026,ABC STORE ONLINE,501.00,Debit,445872605641
08-09-2026,UPI-ACT FIBERNET-BROADBAND,999.00,Debit,565569193046
09-09-2026,PAYTM*AMAZON,1641.00,Debit,390852987930
09-09-2026,PAYTM*AMAZON,1278.00,Debit,906822345633
11-09-2026,UPI/867980/SWIGGY,642.00,Debit,485027121377
11-09-2026,STARBUCKS PVT LTD,298.00,Debit,866069081368
11-09-2026,PAYTM*RAPIDO,114.00,Debit,960689351592
11-09-2026,UPI-RAHUL SHARMA-399139@okaxis,690.00,Debit,657127875681
12-09-2026,UPI-SPOTIFY INDIA-SPOTIFY,119.00,Debit,705205619310
12-09-2026,UPI/168133/BLINKIT,632.00,Debit,531123421251
13-09-2026,UPI/231665/SWIGGY,571.00,Debit,243433471681
14-09-2026,UPI-RAHUL SHARMA-512528@okaxis,1127.00,Debit,776924158573
15-09-2026,BESCOM ELECTRICITY BILL,1170.00,Debit,394155464846
15-09-2026,PAYTM*SWIGGY,898.00,Debit,296042812256
16-09-2026,SWIGGY ONLINE,808.00,Debit,558051566019
17-09-2026,ZOMATO ONLINE,397.00,Debit,310858861491
17-09-2026,OLA PVT LTD,327.00,Debit,389665794694
18-09-2026,AMAZON PAY INDIA PVT LTD,18500.00,Debit,749016409408
19-09-2026,UPI/695085/STARBUCKS,273.00,Debit,461295999488
20-09-2026,UBER PVT LTD,345.00,Debit,581344606909
20-09-2026,UPI-RAHUL SHARMA-277830@okaxis,1234.00,Debit,561867851160
20-09-2026,UPI-SELF TRANSFER-OWN ACCOUNT,5000.00,Debit,864153550122
20-09-2026,UPI-SELF TRANSFER-OWN ACCOUNT,5000.00,Credit,830121977897
21-09-2026,UPI/183266/SWIGGY,449.00,Debit,955316408637
21-09-2026,UPI/378082/BLINKIT,638.00,Debit,780031893029
22-09-2026,SWIGGY ONLINE,407.00,Debit,270627404592
22-09-2026,SWIGGY PVT LTD,664.00,Debit,991040655806
22-09-2026,UPI/666128/AMAZON,2676.00,Debit,300355777766
23-09-2026,ZOMATO PVT LTD,297.00,Debit,479298283843
24-09-2026,SWIGGY ONLINE,382.00,Debit,989567832665
24-09-2026,UPI-ZOMATO-MUMBAI,274.00,Debit,963755175143
24-09-2026,PAYTM*BLINKIT,1170.00,Debit,194735893110
24-09-2026,UPI-UBER-MUMBAI,247.00,Debit,269350826155
25-09-2026,BIGBASKET PVT LTD,1969.00,Debit,406748228950
25-09-2026,UPI-UBER-MUMBAI,179.00,Debit,588088169661
25-09-2026,ATM CASH WITHDRAWAL,2000.00,Debit,702113706977
26-09-2026,RAPIDO ONLINE,82.00,Debit,532869872556
26-09-2026,PAYTM*RAPIDO,173.00,Debit,227050578693
26-09-2026,UPI/784649/MYNTRA,1672.00,Debit,244916469013
27-09-2026,ABC STORE ONLINE,548.00,Debit,154950446597
29-09-2026,UPI-SWIGGY-MUMBAI,470.00,Debit,866501119410
29-09-2026,SWIGGY PVT LTD,229.00,Debit,414227723691
29-09-2026,UPI-UBER-MUMBAI,103.00,Debit,271699868052
29-09-2026,INDIAN OIL PVT LTD,802.00,Debit,849659709000
30-09-2026,UPI-BIGBASKET-MUMBAI,1511.00,Debit,413940289143
30-09-2026,INT.PD:SAVINGS A/C,312.50,Credit,729327879168
17-05-2026,UBER PVT LTD,117.00,Debit,324567515879
20-07-2026,ZOMATO ONLINE,292.00,Debit,927434469774
14-02-2026,UPI-INDIAN OIL-MUMBAI,1388.00,Debit,201165167343
14-08-2026,PAYTM*ZOMATO,645.00,Debit,718661898337
09-06-2026,ZOMATO ONLINE,314.00,Debit,103855614047
08-06-2026,UPI/912527/BLINKIT,703.00,Debit,399697232076
29-04-2026,UPI-RAPIDO-MUMBAI,44.00,Debit,265365206453
02-07-2026,UPI-RAPIDO-MUMBAI,94.00,Debit,467285946500
11-04-2026,UPI-RAHUL SHARMA-957180@okaxis,990.00,Debit,402153435277
23-04-2026,UPI/633905/SWIGGY,272.00,Debit,275994261403
24-09-2026,UPI-UBER-MUMBAI,247.00,Debit,269350826155
25-04-2026,BLINKIT ONLINE,1000.00,Debit,478566379458
31-02-2026,BAD DATE ROW,100,Debit,
05-03-2026,BAD AMOUNT ROW,abc,Debit,
